<?xml version="1.0" encoding="UTF-8"?>
<ui version="4.0">
 <class>admin_add_student</class>
 <widget class="QDialog" name="admin_add_student">
  <property name="geometry">
   <rect>
    <x>0</x>
    <y>0</y>
    <width>262</width>
    <height>378</height>
   </rect>
  </property>
  <property name="windowTitle">
   <string>Dialog</string>
  </property>
  <layout class="QVBoxLayout" name="verticalLayout_3">
   <item>
    <widget class="QLabel" name="label">
     <property name="font">
      <font>
       <pointsize>18</pointsize>
       <weight>75</weight>
       <bold>true</bold>
      </font>
     </property>
     <property name="text">
      <string>Add New Student</string>
     </property>
     <property name="alignment">
      <set>Qt::AlignCenter</set>
     </property>
    </widget>
   </item>
   <item>
    <layout class="QHBoxLayout" name="horizontalLayout">
     <item>
      <layout class="QVBoxLayout" name="verticalLayout_2">
       <item>
        <widget class="QLabel" name="label_2">
         <property name="text">
          <string>Username:</string>
         </property>
        </widget>
       </item>
       <item>
        <widget class="QLabel" name="label_11">
         <property name="text">
          <string>Password:</string>
         </property>
        </widget>
       </item>
       <item>
        <widget class="QLabel" name="label_3">
         <property name="text">
          <string>First Name:</string>
         </property>
        </widget>
       </item>
       <item>
        <widget class="QLabel" name="label_4">
         <property name="text">
          <string>Last Name:</string>
         </property>
        </widget>
       </item>
       <item>
        <widget class="QLabel" name="label_5">
         <property name="text">
          <string>Address:</string>
         </property>
        </widget>
       </item>
       <item>
        <widget class="QLabel" name="label_6">
         <property name="text">
          <string>City:</string>
         </property>
        </widget>
       </item>
       <item>
        <widget class="QLabel" name="label_7">
         <property name="text">
          <string>State:</string>
         </property>
        </widget>
       </item>
       <item>
        <widget class="QLabel" name="label_8">
         <property name="text">
          <string>Zip Code:</string>
         </property>
        </widget>
       </item>
       <item>
        <widget class="QLabel" name="label_9">
         <property name="text">
          <string>Date of Birth:</string>
         </property>
        </widget>
       </item>
       <item>
        <widget class="QLabel" name="label_10">
         <property name="text">
          <string>Phone Number:</string>
         </property>
        </widget>
       </item>
      </layout>
     </item>
     <item>
      <layout class="QVBoxLayout" name="verticalLayout">
       <item>
        <widget class="QLineEdit" name="username">
         <property name="focusPolicy">
          <enum>Qt::StrongFocus</enum>
         </property>
        </widget>
       </item>
       <item>
        <widget class="QLineEdit" name="password"/>
       </item>
       <item>
        <widget class="QLineEdit" name="fname"/>
       </item>
       <item>
        <widget class="QLineEdit" name="lname"/>
       </item>
       <item>
        <widget class="QLineEdit" name="address"/>
       </item>
       <item>
        <widget class="QLineEdit" name="city"/>
       </item>
       <item>
        <widget class="QLineEdit" name="state"/>
       </item>
       <item>
        <widget class="QLineEdit" name="zip"/>
       </item>
       <item>
        <widget class="QLineEdit" name="dob"/>
       </item>
       <item>
        <widget class="QLineEdit" name="number"/>
       </item>
      </layout>
     </item>
    </layout>
   </item>
   <item>
    <widget class="QPushButton" name="pushButton">
     <property name="text">
      <string>Add Student</string>
     </property>
    </widget>
   </item>
   <item>
    <widget class="QPushButton" name="pushButton_2">
     <property name="text">
      <string>Cancel</string>
     </property>
    </widget>
   </item>
  </layout>
 </widget>
 <resources/>
 <connections/>
</ui>
