<?xml version="1.0" encoding="UTF-8"?>
<ui version="4.0">
 <class>student_course</class>
 <widget class="QDialog" name="student_course">
  <property name="geometry">
   <rect>
    <x>0</x>
    <y>0</y>
    <width>222</width>
    <height>415</height>
   </rect>
  </property>
  <property name="windowTitle">
   <string>Dialog</string>
  </property>
  <layout class="QVBoxLayout" name="verticalLayout_2">
   <item>
    <widget class="QLabel" name="courseName">
     <property name="font">
      <font>
       <pointsize>24</pointsize>
       <weight>75</weight>
       <bold>true</bold>
      </font>
     </property>
     <property name="text">
      <string>CourseName</string>
     </property>
     <property name="alignment">
      <set>Qt::AlignCenter</set>
     </property>
    </widget>
   </item>
   <item>
    <widget class="QGroupBox" name="groupBox">
     <property name="title">
      <string/>
     </property>
     <layout class="QVBoxLayout" name="verticalLayout">
      <item>
       <widget class="QTableWidget" name="tableWidget">
        <row>
         <property name="text">
          <string>Homework 1</string>
         </property>
        </row>
        <column>
         <property name="text">
          <string>Grade</string>
         </property>
        </column>
        <item row="0" column="0">
         <property name="text">
          <string/>
         </property>
        </item>
       </widget>
      </item>
      <item>
       <layout class="QHBoxLayout" name="horizontalLayout">
        <item>
         <widget class="QLabel" name="label">
          <property name="font">
           <font>
            <pointsize>12</pointsize>
            <weight>75</weight>
            <bold>true</bold>
           </font>
          </property>
          <property name="text">
           <string>Current Grade:</string>
          </property>
         </widget>
        </item>
        <item>
         <widget class="QLabel" name="curr_grade">
          <property name="font">
           <font>
            <pointsize>12</pointsize>
            <weight>75</weight>
            <bold>true</bold>
           </font>
          </property>
          <property name="text">
           <string>grade</string>
          </property>
         </widget>
        </item>
       </layout>
      </item>
      <item>
       <widget class="QPushButton" name="pushButton">
        <property name="text">
         <string>Close</string>
        </property>
       </widget>
      </item>
     </layout>
    </widget>
   </item>
  </layout>
 </widget>
 <resources/>
 <connections/>
</ui>
