<?xml version="1.0" encoding="UTF-8"?>
<ui version="4.0">
 <class>student_dashboard</class>
 <widget class="QDialog" name="student_dashboard">
  <property name="geometry">
   <rect>
    <x>0</x>
    <y>0</y>
    <width>861</width>
    <height>462</height>
   </rect>
  </property>
  <property name="windowTitle">
   <string>Student Dashboard</string>
  </property>
  <widget class="QLabel" name="label">
   <property name="geometry">
    <rect>
     <x>9</x>
     <y>9</y>
     <width>260</width>
     <height>33</height>
    </rect>
   </property>
   <property name="font">
    <font>
     <pointsize>20</pointsize>
     <weight>75</weight>
     <bold>true</bold>
    </font>
   </property>
   <property name="text">
    <string>Student Dashboard</string>
   </property>
  </widget>
  <widget class="QGroupBox" name="groupBox">
   <property name="geometry">
    <rect>
     <x>320</x>
     <y>50</y>
     <width>268</width>
     <height>397</height>
    </rect>
   </property>
   <property name="title">
    <string>My Courses</string>
   </property>
   <layout class="QVBoxLayout" name="verticalLayout">
    <item>
     <widget class="QListView" name="listView"/>
    </item>
    <item>
     <widget class="QPushButton" name="pushButton">
      <property name="text">
       <string>Course Details</string>
      </property>
     </widget>
    </item>
    <item>
     <widget class="QPushButton" name="pushButton_3">
      <property name="text">
       <string>Add Course</string>
      </property>
     </widget>
    </item>
    <item>
     <widget class="QPushButton" name="pushButton_2">
      <property name="text">
       <string>Drop Course</string>
      </property>
     </widget>
    </item>
    <item>
     <widget class="QPushButton" name="pushButton_5">
      <property name="text">
       <string>Check Current GPA</string>
      </property>
     </widget>
    </item>
   </layout>
  </widget>
  <widget class="QGroupBox" name="groupBox_3">
   <property name="geometry">
    <rect>
     <x>10</x>
     <y>49</y>
     <width>301</width>
     <height>228</height>
    </rect>
   </property>
   <property name="title">
    <string>My Information</string>
   </property>
   <layout class="QHBoxLayout" name="horizontalLayout_10">
    <item>
     <layout class="QVBoxLayout" name="verticalLayout_4">
      <item>
       <layout class="QVBoxLayout" name="verticalLayout_3">
        <item>
         <layout class="QHBoxLayout" name="horizontalLayout_2">
          <item>
           <widget class="QLabel" name="label_2">
            <property name="text">
             <string>First Name:</string>
            </property>
           </widget>
          </item>
          <item>
           <widget class="QLabel" name="firstName">
            <property name="text">
             <string>John</string>
            </property>
           </widget>
          </item>
         </layout>
        </item>
        <item>
         <layout class="QHBoxLayout" name="horizontalLayout_3">
          <item>
           <widget class="QLabel" name="label_3">
            <property name="text">
             <string>Last Name:</string>
            </property>
           </widget>
          </item>
          <item>
           <widget class="QLabel" name="lastName">
            <property name="text">
             <string>Doe</string>
            </property>
           </widget>
          </item>
         </layout>
        </item>
        <item>
         <layout class="QHBoxLayout" name="horizontalLayout_4">
          <item>
           <widget class="QLabel" name="label_4">
            <property name="text">
             <string>Address:</string>
            </property>
           </widget>
          </item>
          <item>
           <widget class="QLabel" name="address">
            <property name="text">
             <string>123 Street Drive</string>
            </property>
           </widget>
          </item>
         </layout>
        </item>
        <item>
         <layout class="QHBoxLayout" name="horizontalLayout_5">
          <item>
           <widget class="QLabel" name="label_7">
            <property name="text">
             <string>City:</string>
            </property>
           </widget>
          </item>
          <item>
           <widget class="QLabel" name="city">
            <property name="text">
             <string>Houston</string>
            </property>
           </widget>
          </item>
         </layout>
        </item>
        <item>
         <layout class="QHBoxLayout" name="horizontalLayout_6">
          <item>
           <widget class="QLabel" name="label_8">
            <property name="text">
             <string>State:</string>
            </property>
           </widget>
          </item>
          <item>
           <widget class="QLabel" name="state">
            <property name="text">
             <string>TX</string>
            </property>
           </widget>
          </item>
         </layout>
        </item>
        <item>
         <layout class="QHBoxLayout" name="horizontalLayout_9">
          <item>
           <widget class="QLabel" name="label_9">
            <property name="text">
             <string>Zip Code:</string>
            </property>
           </widget>
          </item>
          <item>
           <widget class="QLabel" name="zip">
            <property name="text">
             <string>77081</string>
            </property>
           </widget>
          </item>
         </layout>
        </item>
        <item>
         <layout class="QHBoxLayout" name="horizontalLayout_7">
          <item>
           <widget class="QLabel" name="label_5">
            <property name="text">
             <string>Date of Birth:</string>
            </property>
           </widget>
          </item>
          <item>
           <widget class="QLabel" name="dob">
            <property name="text">
             <string>01/01/1990</string>
            </property>
           </widget>
          </item>
         </layout>
        </item>
        <item>
         <layout class="QHBoxLayout" name="horizontalLayout_8">
          <item>
           <widget class="QLabel" name="label_6">
            <property name="text">
             <string>Phone Number:</string>
            </property>
           </widget>
          </item>
          <item>
           <widget class="QLabel" name="phone">
            <property name="text">
             <string>7131231234</string>
            </property>
           </widget>
          </item>
         </layout>
        </item>
       </layout>
      </item>
      <item>
       <widget class="QPushButton" name="pushButton_4">
        <property name="text">
         <string>Edit Your Information</string>
        </property>
       </widget>
      </item>
     </layout>
    </item>
   </layout>
  </widget>
  <widget class="QGroupBox" name="groupBox_2">
   <property name="geometry">
    <rect>
     <x>580</x>
     <y>50</y>
     <width>268</width>
     <height>397</height>
    </rect>
   </property>
   <property name="title">
    <string>Announcement List</string>
   </property>
   <layout class="QVBoxLayout" name="verticalLayout_2">
    <item>
     <widget class="QListView" name="listView_2"/>
    </item>
   </layout>
  </widget>
 </widget>
 <resources/>
 <connections/>
</ui>
