<?xml version="1.0" encoding="UTF-8"?>
<ui version="4.0">
 <class>student_course</class>
 <widget class="QDialog" name="student_course">
  <property name="geometry">
   <rect>
    <x>0</x>
    <y>0</y>
    <width>696</width>
    <height>419</height>
   </rect>
  </property>
  <property name="windowTitle">
   <string>Dialog</string>
  </property>
  <widget class="QLabel" name="courseName">
   <property name="geometry">
    <rect>
     <x>240</x>
     <y>10</y>
     <width>341</width>
     <height>71</height>
    </rect>
   </property>
   <property name="font">
    <font>
     <pointsize>24</pointsize>
     <weight>75</weight>
     <bold>true</bold>
    </font>
   </property>
   <property name="text">
    <string>CourseName</string>
   </property>
  </widget>
  <widget class="QTableView" name="tableView">
   <property name="geometry">
    <rect>
     <x>370</x>
     <y>80</y>
     <width>256</width>
     <height>192</height>
    </rect>
   </property>
  </widget>
  <widget class="QTableWidget" name="tableWidget">
   <property name="geometry">
    <rect>
     <x>50</x>
     <y>150</y>
     <width>256</width>
     <height>192</height>
    </rect>
   </property>
   <row>
    <property name="text">
     <string>assignment 1</string>
    </property>
   </row>
   <row>
    <property name="text">
     <string>assignment 2</string>
    </property>
   </row>
   <column>
    <property name="text">
     <string>assignment</string>
    </property>
   </column>
   <column>
    <property name="text">
     <string>grade</string>
    </property>
   </column>
  </widget>
 </widget>
 <resources/>
 <connections/>
</ui>
