<?xml version="1.0" encoding="UTF-8"?>
<ui version="4.0">
 <class>student_course</class>
 <widget class="QDialog" name="student_course">
  <property name="geometry">
   <rect>
    <x>0</x>
    <y>0</y>
    <width>696</width>
    <height>419</height>
   </rect>
  </property>
  <property name="windowTitle">
   <string>Dialog</string>
  </property>
  <widget class="QLabel" name="courseName">
   <property name="geometry">
    <rect>
     <x>270</x>
     <y>10</y>
     <width>341</width>
     <height>71</height>
    </rect>
   </property>
   <property name="font">
    <font>
     <pointsize>24</pointsize>
     <weight>75</weight>
     <bold>true</bold>
    </font>
   </property>
   <property name="text">
    <string>TextLabel</string>
   </property>
  </widget>
 </widget>
 <resources/>
 <connections/>
</ui>
