<?xml version="1.0" encoding="UTF-8"?>
<ui version="4.0">
 <class>student_course</class>
 <widget class="QDialog" name="student_course">
  <property name="geometry">
   <rect>
    <x>0</x>
    <y>0</y>
    <width>696</width>
    <height>419</height>
   </rect>
  </property>
  <property name="windowTitle">
   <string>Dialog</string>
  </property>
  <widget class="QLabel" name="courseName">
   <property name="geometry">
    <rect>
     <x>240</x>
     <y>10</y>
     <width>341</width>
     <height>71</height>
    </rect>
   </property>
   <property name="font">
    <font>
     <pointsize>24</pointsize>
     <weight>75</weight>
     <bold>true</bold>
    </font>
   </property>
   <property name="text">
    <string>CourseName</string>
   </property>
  </widget>
  <widget class="QTableWidget" name="tableWidget">
   <property name="geometry">
    <rect>
     <x>50</x>
     <y>120</y>
     <width>181</width>
     <height>192</height>
    </rect>
   </property>
   <row>
    <property name="text">
     <string>Homework 1</string>
    </property>
   </row>
   <column>
    <property name="text">
     <string>Grade</string>
    </property>
   </column>
   <item row="0" column="0">
    <property name="text">
     <string/>
    </property>
   </item>
  </widget>
  <widget class="QLabel" name="label">
   <property name="geometry">
    <rect>
     <x>160</x>
     <y>360</y>
     <width>91</width>
     <height>16</height>
    </rect>
   </property>
   <property name="text">
    <string>Current Grade:</string>
   </property>
  </widget>
  <widget class="QLabel" name="curr_grade">
   <property name="geometry">
    <rect>
     <x>240</x>
     <y>360</y>
     <width>47</width>
     <height>13</height>
    </rect>
   </property>
   <property name="text">
    <string>grade</string>
   </property>
  </widget>
 </widget>
 <resources/>
 <connections/>
</ui>
